Price Date,Adike Price (Rs./Quintal),Patora Price (Rs./Quintal)
2015-09-01,27000,16000
2015-09-02,27000,16000
2015-09-03,27000,16000
2015-09-04,27000,16000
2015-09-07,27000,16000
2015-09-08,27000,16000
2015-09-09,27000,16000
2015-09-10,26500,16000
2015-09-11,26300,15000
2015-09-14,26300,14000
2015-09-15,26300,14000
2015-09-16,26000,14000
2015-09-19,26700,14000
2015-09-21,27200,14000
2015-09-23,27500,14000
2015-09-24,27200,14000
2015-09-26,27500,15000
2015-09-28,27500,15000
2015-09-29,27500,15000
2015-09-30,27200,15000
2015-10-03,26800,15000
2015-10-05,27200,13000
2015-10-06,26700,14500
2015-10-07,26700,14500
2015-10-08,27000,14500
2015-10-09,27200,15000
2015-10-13,27200,16000
2015-10-14,27200,16000
2015-10-15,27200,16000
2015-10-16,27200,15000
2015-10-17,27200,15000
2015-10-19,27200,15000
2015-10-20,27200,15000
2015-10-21,27200,15000
2015-10-26,27800,15000
2015-10-31,28000,16500
2015-11-02,27700,15500
2015-11-03,27800,15500
2015-11-05,27800,15500
2015-11-07,27800,16500
2015-11-13,28200,16500
2015-11-17,24000,16000
2015-11-18,24000,16000
2015-11-19,24000,16000
2015-11-20,24000,16000
2015-11-21,24000,16000
2015-11-23,24000,16000
2015-11-25,24000,16700
2015-11-26,23000,16700
2015-11-27,23000,16700
2015-11-30,23500,16700
2015-12-01,23500,16500
2015-12-02,23500,16500
2015-12-03,23500,16500
2015-12-04,23500,16500
2015-12-05,23500,16500
2015-12-07,23500,17000
2015-12-08,23500,16500
2015-12-09,23000,16000
2015-12-10,23000,16000
2015-12-11,23500,16500
2015-12-14,23500,16000
2015-12-15,23500,16500
2015-12-16,23500,16500
2015-12-18,23500,17000
2015-12-21,23500,17000
2015-12-22,23500,17000
2015-12-23,23500,17000
2015-12-26,23500,17000
2015-12-28,23500,16500
2015-12-29,23500,16500
2015-12-30,23500,16500
2015-12-31,23500,16000
2016-01-01,23500,16000
2016-01-02,23000,16000
2016-01-04,23000,16000
2016-01-05,24000,17000
2016-01-06,24000,17000
2016-01-08,24000,17000
2016-01-12,24500,17000
2016-01-13,24800,18000
2016-01-14,24800,18000
2016-01-16,24800,18000
2016-01-18,24800,18000
2016-01-19,24800,18000
2016-01-20,24800,18000
2016-01-21,24800,18000
2016-01-23,24800,18500
2016-01-25,24800,18000
2016-02-12,23500,19000
2016-02-15,23500,18000
2016-02-16,23500,18000
2016-02-17,23500,18000
2016-02-18,23500,18000
2016-02-19,23500,18000
2016-02-22,23500,18000
2016-02-23,23500,18000
2016-02-24,23500,18000
2016-02-25,23500,18000
2016-02-26,23500,18000
2016-02-27,23500,18000
2016-02-29,23500,18000
2016-03-01,23500,18000
2016-03-02,23500,18000
2016-03-03,23500,18000
2016-03-04,23500,18000
2016-03-05,23500,18000
2016-03-08,23000,18000
2016-03-09,23000,18000
2016-03-10,23000,16000
2016-03-11,23000,16000
2016-03-14,22800,15500
2016-03-15,22800,15300
2016-03-16,22800,15300
2016-03-17,22800,15300
2016-03-18,23000,15300
2016-03-19,23000,15300
2016-03-21,23000,15300
2016-03-22,23200,15300
2016-03-23,23800,15300
2016-03-24,23800,15300
2016-03-26,23800,15300
2016-03-28,23800,15300
2016-03-29,23800,15300
2016-04-02,24000,16000
2016-04-04,24300,16000
2016-04-05,24300,16000
2016-04-06,24300,16000
2016-04-07,24300,16000
2016-04-11,24300,16000
2016-04-12,24000,16000
2016-04-13,24000,15000
2016-04-15,24100,15000
2016-04-16,23800,15000
2016-04-18,23500,15000
2016-04-21,23000,13000
2016-04-22,23000,13000
2016-04-23,23000,13000
2016-04-25,23000,13000
2016-04-26,23000,13500
2016-04-27,23000,13500
2016-04-28,23000,12000
2016-04-29,23000,13000
2016-04-30,23000,13000
2016-05-04,22500,12000
2016-05-05,22500,12000
2016-05-06,22000,12000
2016-05-07,22000,12000
2016-05-10,23000,12000
2016-05-11,23000,12000
2016-05-13,23000,12000
2016-05-16,23000,12000
2016-05-17,23000,12000
2016-05-18,23000,12000
2016-05-19,22800,12000
2016-05-20,22800,12000
2016-05-21,22500,12000
2016-05-23,22500,12000
2016-05-24,22000,12000
2016-05-25,22000,12000
2016-05-26,22000,12000
2016-05-27,22000,12000
2016-05-28,22000,12000
2016-05-30,22000,12000
2016-05-31,22000,12000
2016-06-01,22000,12000
2016-06-03,21500,11000
2016-06-04,21500,11000
2016-06-06,21500,11000
2016-06-07,21000,11000
2016-06-08,21000,11000
2016-06-09,21000,11000
2016-06-10,21000,10000
2016-06-13,21000,10000
2016-06-14,21000,10000
2016-06-15,21000,10000
2016-06-16,21000,10000
2016-06-17,21000,10000
2016-06-18,21000,10000
2016-06-20,21000,10000
2016-06-21,22000,10000
2016-06-22,22500,10000
2016-06-23,22500,11000
2016-06-24,22500,11000
2016-06-25,23000,11000
2016-06-27,23000,11000
2016-06-30,23000,11000
2016-07-01,24000,12000
2016-07-02,24000,12000
2016-07-04,24000,12000
2016-07-05,24000,12000
2016-07-08,24000,12000
2016-07-11,23000,12000
2016-07-12,23000,12000
2016-07-13,23000,12000
2016-07-14,23000,12000
2016-07-15,23000,12000
2016-07-16,23000,12000
2016-07-18,23000,12000
2016-07-19,23000,12000
2016-07-21,23000,12000
2016-07-22,23000,12000
2016-07-23,23000,12000
2016-07-25,23000,12000
2016-07-26,23000,11500
2016-07-27,23000,12000
2016-07-28,23500,12000
2016-07-29,23500,12000
2016-07-30,23500,12000
2016-08-01,23500,12500
2016-08-02,23500,12500
2016-08-03,23500,12500
2016-08-04,23500,12500
2016-08-05,24000,13000
2016-08-06,24000,13000
2016-08-08,24000,13000
2016-08-09,24000,13000
2016-08-10,24000,13000
2016-08-11,24000,13000
2016-08-12,24500,13000
2016-08-16,24500,13000
2016-08-17,24500,13000
2016-08-18,24500,13000
2016-08-19,25000,13000
2016-08-20,25000,13000
2016-08-22,25000,13000
2016-08-23,25000,13000
2016-08-24,25000,13000
2016-08-26,25000,13000
2016-08-27,25000,13000
2016-08-30,25500,13000
2016-08-31,25500,13000
2016-09-01,25000,13000
2016-09-02,25000,13000
2016-09-03,25000,13000
2016-09-06,25000,13000
2016-09-07,25000,13000
2016-09-08,25000,13000
2016-09-09,25000,13000
2016-09-13,25000,13000
2016-09-14,24500,13000
2016-09-15,24500,13000
2016-09-16,24000,13000
2016-09-17,24500,13000
2016-09-19,24000,12500
2016-09-20,24000,12500
2016-09-21,24000,12500
2016-09-22,24000,12500
2016-09-23,24000,12500
2016-09-24,24000,12500
2016-09-26,25500,14000
2016-09-27,26000,14000
2016-09-28,26000,14000
2016-09-29,26000,14000
2016-10-01,26000,14000
2016-10-03,26000,14000
2016-10-04,26000,14000
2016-10-05,25500,14000
2016-10-06,25500,14000
2016-10-07,25500,14000
2016-10-13,25500,14000
2016-10-14,25500,14000
2016-10-17,25500,14000
2016-10-18,25500,14000
2016-10-22,26000,14000
2016-10-24,26000,14000
2016-11-02,26000,14000
2016-11-03,26000,14000
2016-11-04,26000,14000
2016-11-05,26000,14000
2016-11-08,26000,14000
2016-11-14,26000,14000
2016-11-16,26000,14000
2016-11-18,26000,14000
2016-11-19,16000,13000
2016-11-21,16000,13000
2016-11-22,16000,13000
2016-11-23,16000,13000
2016-11-24,16000,13000
2016-11-25,16000,13000
2016-11-26,16000,13000
2016-11-28,16000,13000
2016-11-29,16000,13000
2016-11-30,16000,13000
2016-12-01,16000,13000
2016-12-02,15000,13000
2016-12-03,15000,13000
2016-12-05,15000,13000
2016-12-06,15000,13000
2016-12-07,15000,13000
2016-12-08,15000,13000
2016-12-09,15000,13000
2016-12-12,15000,13000
2016-12-14,15000,13000
2016-12-15,15000,13000
2016-12-16,15000,13000
2016-12-17,15000,13000
2016-12-19,15000,13000
2016-12-20,15000,13000
2016-12-21,15000,12000
2016-12-22,25000,12000
2016-12-23,15000,12000
2016-12-24,15000,12000
2016-12-26,15000,12000
2016-12-27,15000,12000
2016-12-28,15000,12000
2016-12-29,15000,12000
2016-12-30,15000,12000
2016-12-31,15000,12000
2017-01-02,15000,12000
2017-01-03,15000,12000
2017-01-04,15000,12000
2017-01-05,15000,12000
2017-01-06,15000,12000
2017-01-07,15000,12000
2017-01-09,15000,12000
2017-01-10,16000,13000
2017-01-11,16000,13000
2017-01-12,17000,13000
2017-01-13,17000,13000
2017-01-16,17000,13000
2017-01-17,18000,13000
2017-01-18,18000,13000
2017-01-19,18000,13000
2017-01-24,19000,13000
2017-01-25,20500,13000
2017-01-27,20500,13000
2017-01-28,20500,13000
2017-01-30,20500,13000
2017-01-31,20500,13000
2017-02-01,20500,13000
2017-02-02,20500,13000
2017-02-03,20500,13000
2017-02-04,20500,13000
2017-02-06,21000,14000
2017-02-07,21000,14000
2017-02-08,21000,14000
2017-02-09,21000,14000
2017-02-10,21000,14000
2017-02-13,21500,14000
2017-02-14,21500,14000
2017-02-15,21000,14000
2017-02-16,21000,14000
2017-02-17,21000,14000
2017-02-21,22000,14000
2017-02-22,22000,14000
2017-02-23,22000,14000
2017-02-27,22000,14000
2017-02-28,22000,14500
2017-03-01,22000,14500
2017-03-02,22000,14500
2017-03-03,22000,14500
2017-03-04,22000,14500
2017-03-06,22000,14500
2017-03-07,22000,14500
2017-03-08,22000,14500
2017-03-09,22500,14500
2017-03-10,22500,14500
2017-03-13,22500,14500
2017-03-14,22500,14500
2017-03-15,22500,14500
2017-03-16,23000,14000
2017-03-17,23000,14000
2017-03-18,23000,14000
2017-03-20,23000,14000
2017-03-21,23000,14000
2017-03-22,23000,14000
2017-03-23,23000,14000
2017-03-24,23000,14000
2017-03-25,23000,14000
2017-03-27,23000,14000
2017-03-28,23000,14000
2017-03-31,23000,14000
2017-04-01,23000,14000
2017-04-03,23500,14000
2017-04-04,23500,14000
2017-04-05,23500,14000
2017-04-06,24000,14000
2017-04-07,24000,14000
2017-04-10,24500,14000
2017-04-11,25000,16000
2017-04-12,25000,16000
2017-04-13,25000,16000
2017-04-15,23000,12000
2017-04-17,23500,14000
2017-04-18,23500,14000
2017-04-19,23500,14000
2017-04-20,23500,14000
2017-04-21,23500,14000
2017-04-22,23500,14000
2017-04-24,23500,14000
2017-04-25,23500,14000
2017-04-26,23500,14000
2017-04-27,23000,14000
2017-04-28,23000,14000
2017-05-02,23000,14000
2017-05-03,22500,14000
2017-05-04,22000,14000
2017-05-05,22000,14000
2017-05-06,22000,14000
2017-05-08,21500,14000
2017-05-09,21500,14000
2017-05-10,21500,14000
2017-05-11,21500,14500
2017-05-12,21500,14500
2017-05-15,21500,15000
2017-05-16,21500,15000
2017-05-17,22000,15500
2017-05-18,22000,15500
2017-05-19,22000,15500
2017-05-20,22000,15500
2017-05-22,22000,15500
2017-05-23,22000,15500
2017-05-24,23000,15500
2017-05-25,23000,15500
2017-05-26,23000,15500
2017-05-27,22500,15500
2017-05-29,22500,15500
2017-05-30,22500,15500
2017-05-31,22500,15500
2017-06-01,22000,15500
2017-06-02,22000,15500
2017-06-03,22000,15500
2017-06-05,21500,15000
2017-06-06,21500,15000
2017-06-07,21500,15000
2017-06-08,21000,15000
2017-06-09,21000,15000
2017-06-12,21000,15000
2017-06-13,21000,15000
2017-06-14,21000,15000
2017-06-15,21000,15000
2017-06-16,22000,16000
2017-06-17,21000,15000
2017-06-19,21000,15000
2017-06-20,21000,15000
2017-06-21,21000,15000
2017-06-22,21000,15000
2017-06-23,21000,15000
2017-06-24,21000,14000
2017-06-27,21000,14000
2017-06-28,21000,14000
2017-06-29,21000,14000
2017-07-03,21000,14000
2017-07-04,21000,14000
2017-07-05,21000,14000
2017-07-06,22000,15000
2017-07-07,22000,15000
2017-07-10,22500,16000
2017-07-11,22500,16000
2017-07-12,22500,16000
2017-07-13,22500,17000
2017-07-14,23000,17500
2017-07-15,23000,17500
2017-07-17,23000,17500
2017-07-18,23000,17500
2017-07-19,23000,17500
2017-07-20,23000,17500
2017-07-21,23000,17500
2017-07-24,23000,17500
2017-07-25,23000,17500
2017-07-26,23000,17500
2017-07-27,23000,17500
2017-07-28,23000,17000
2017-07-29,23000,17000
2017-07-31,23000,17000
2017-08-01,23000,17000
2017-08-02,22500,16500
2017-08-03,22500,16500
2017-08-04,22500,16500
2017-08-05,22500,16500
2017-08-07,22500,16500
2017-08-08,22500,16500
2017-08-09,22500,16500
2017-08-10,22500,16500
2017-08-11,22500,16500
2017-08-16,22700,16500
2017-08-17,22700,16500
2017-08-18,22700,16500
2017-08-19,22700,16000
2017-08-21,22700,16000
2017-08-22,22800,14000
2017-08-23,22800,15000
2017-08-24,22800,15000
2017-08-26,22800,15000
2017-08-28,22800,15000
2017-08-29,22800,15000
2017-08-30,22800,15000
2017-08-31,22800,15000
2017-09-02,23000,15000
2017-09-04,23000,15000
2017-09-05,23000,15000
2017-09-06,23000,15000
2017-09-07,23500,16000
2017-09-08,23700,16000
2017-09-11,23800,17000
2017-09-12,24000,17000
2017-09-13,24200,17000
2017-09-14,24000,17000
2017-09-15,24300,17000
2017-09-16,24300,17000
2017-09-18,24300,17000
2017-09-20,24300,17000
2017-09-21,24000,17000
2017-09-22,24000,17000
2017-09-23,24000,17000
2017-09-25,24000,17500
2017-09-26,24000,17500
2017-09-27,24000,17500
2017-09-28,24000,17500
2017-10-03,24000,17500
2017-10-04,24000,17500
2017-10-06,24000,17000
2017-10-07,24000,17000
2017-10-09,23800,17000
2017-10-10,23800,17000
2017-10-11,23800,17000
2017-10-12,23800,17000
2017-10-16,23800,17000
2017-10-17,23800,17000
2017-10-21,23800,17000
2017-10-23,24200,17000
2017-10-24,24200,17000
2017-10-25,24200,17000
2017-10-26,24700,17000
2017-10-27,24900,17000
2017-10-28,24900,17000
2017-10-30,25200,17000
2017-10-31,25200,17000
2017-11-02,25200,17000
2017-11-03,25200,17000
2017-11-04,25200,17000
2017-11-07,25200,17000
2017-11-08,25200,17000
2017-11-09,25200,17000
2017-11-10,25200,17000
2017-11-13,25200,17000
2017-11-14,25200,17000
2017-11-16,25200,17000
2017-11-17,25200,17000
2017-11-18,25200,17000
2017-11-20,25200,17000
2017-11-21,25200,18000
2017-11-22,25200,18000
2017-11-23,25200,18000
2017-11-24,25200,18000
2017-11-25,25200,18500
2017-11-27,25200,18500
2017-11-28,25200,18000
2017-11-30,25000,18000
2017-12-02,19000,18000
2017-12-04,19500,17500
2017-12-05,19500,17500
2017-12-06,19500,17500
2017-12-07,19500,17500
2017-12-08,19500,17500
2017-12-11,19500,17500
2017-12-12,20000,18000
2017-12-13,20000,18000
2017-12-14,20000,18000
2017-12-18,20000,18500
2017-12-19,20300,18500
2017-12-20,20500,19000
2017-12-21,20500,19000
2017-12-22,20500,19000
2017-12-23,20500,19000
2017-12-26,21200,19500
2017-12-27,21200,19500
2017-12-28,21200,19500
2017-12-29,21200,19500
2017-12-30,21200,19500
2018-01-01,21200,19500
2018-01-02,21600,20000
2018-01-04,22000,20000
2018-01-05,22000,20000
2018-01-06,22200,20000
2018-01-08,22200,20000
2018-01-09,22200,20000
2018-01-10,22300,20000
2018-01-11,22300,20000
2018-01-12,22300,20000
2018-01-16,22300,20000
2018-01-17,22100,20000
2018-01-18,22100,20000
2018-01-19,22100,20000
2018-01-20,22100,20000
2018-01-22,21900,20000
2018-01-23,21800,20000
2018-01-24,21800,20000
2018-01-25,21800,20000
2018-01-27,21800,20000
2018-01-29,21800,19500
2018-01-30,21800,19000
2018-01-31,21800,19000
2018-02-01,21800,19500
2018-02-02,21800,19500
2018-02-03,21800,19500
2018-02-05,21800,19000
2018-02-06,21900,19000
2018-02-07,21900,19000
2018-02-08,21900,19000
2018-02-09,21900,19000
2018-02-12,21900,19500
2018-02-14,21900,19000
2018-02-15,21800,19000
2018-02-16,21600,19000
2018-02-17,21600,19000
2018-02-19,21500,19000
2018-02-20,21400,19000
2018-02-21,21300,19000
2018-02-22,21300,19000
2018-02-23,21100,18500
2018-02-24,21100,18500
2018-02-26,21100,18500
2018-02-27,21100,18500
2018-02-28,21100,18500
2018-03-01,21100,18500
2018-03-02,21100,18500
2018-03-03,21100,18500
2018-03-05,21100,18500
2018-03-06,21100,18500
2018-03-07,21100,18500
2018-03-08,21100,18500
2018-03-09,21100,18500
2018-03-12,21100,18500
2018-03-13,21100,18500
2018-03-14,21100,18500
2018-03-15,21100,18000
2018-03-16,21100,18000
2018-03-17,21100,18000
2018-03-19,21100,18000
2018-03-20,21100,18000
2018-03-21,21100,18000
2018-03-22,21100,19000
2018-03-23,21100,19000
2018-03-24,21100,19000
2018-03-26,20900,19000
2018-03-27,20900,19000
2018-03-28,20900,19000
2018-04-03,20900,18000
2018-04-04,20900,18000
2018-04-05,20900,18000
2018-04-06,20900,18000
2018-04-07,20900,18000
2018-04-09,20900,18000
2018-04-10,20900,18000
2018-04-11,20900,18000
2018-04-12,20900,18000
2018-04-13,21000,18000
2018-04-16,21000,18000
2018-04-17,21000,17500
2018-04-26,21400,18500
2018-04-27,21400,18500
2018-04-28,21400,18500
2018-04-30,21400,18500
2018-05-02,21400,18500
2018-05-03,21400,18500
2018-05-04,21400,18500
2018-05-05,21400,18500
2018-05-07,21400,18500
2018-05-08,21400,18500
2018-05-09,21400,18500
2018-05-10,21400,18500
2018-05-11,21400,18500
2018-05-14,21400,18500
2018-05-15,21400,18500
2018-05-16,21500,19000
2018-05-17,21500,19000
2018-05-18,21500,19000
2018-05-19,21500,19000
2018-05-21,21500,19000
2018-05-22,21500,19000
2018-05-23,21500,19000
2018-05-24,21800,19000
2018-05-25,21900,19000
2018-05-26,21900,19000
2018-05-28,22200,19500
2018-05-29,22200,19500
2018-05-30,22200,19500
2018-05-31,22200,19500
2018-06-01,22200,19500
2018-06-02,22200,19500
2018-06-04,22200,19500
2018-06-05,22200,19500
2018-06-06,22000,19500
2018-06-07,21800,19500
2018-06-08,22000,19000
2018-06-11,21800,19000
2018-06-12,21800,19000
2018-06-13,21800,19000
2018-06-14,22000,19000
2018-06-15,22000,19000
2018-06-18,22000,19000
2018-06-19,22000,19000
2018-06-20,22000,19000
2018-06-21,22000,19000
2018-06-22,22000,19000
2018-06-23,22000,19000
2018-06-25,22000,19000
2018-06-26,22000,19000
2018-06-27,22000,18500
2018-06-28,22000,18500
2018-06-29,22000,18000
2018-06-30,21800,18000
2018-07-02,21700,18000
2018-07-03,21500,18000
2018-07-04,21500,18000
2018-07-05,21500,18000
2018-07-06,21500,18000
2018-07-07,21500,18000
2018-07-09,21600,17500
2018-07-10,21600,17500
2018-07-11,21600,17500
2018-07-12,21600,17500
2018-07-13,21600,17500
2018-07-16,21600,17500
2018-07-17,21600,17500
2018-07-18,21600,17500
2018-07-19,21600,17500
2018-07-20,21700,17500
2018-07-21,21700,17500
2018-07-23,22000,17500
2018-07-24,22000,17500
2018-07-25,22200,17500
2018-07-26,22400,17500
2018-07-27,22400,17500
2018-07-28,22400,17500
2018-07-30,22400,17500
2018-07-31,22600,17500
2018-08-01,22600,17500
2018-08-02,22800,17500
2018-08-03,22800,17500
2018-08-04,22800,17500
2018-08-05,22800,17500
2018-08-06,22800,17500
2018-08-07,23000,17500
2018-08-09,23200,17500
2018-08-10,23200,17500
2018-08-13,23800,18000
2018-08-14,24000,18000
2018-08-16,24000,18000
2018-08-20,24000,18500
2018-08-23,24000,18500
2018-08-24,24500,19000
2018-08-25,24500,19000
2018-08-28,24700,19000
2018-08-30,24700,19500
2018-08-31,24700,19500
2018-09-03,24800,20000
2018-09-04,25800,20000
2018-09-05,25800,20000
2018-09-06,26000,20000
2018-09-07,26000,20000
2018-09-11,27000,20000
2018-09-12,27000,20000
2018-09-14,27000,20000
2018-09-15,27000,20000
2018-09-17,27000,21000
2018-09-18,27000,21000
2018-09-19,27000,21000
2018-09-20,27000,21000
2018-09-22,27000,21000
2018-09-24,27000,21000
2018-09-25,27000,21000
2018-09-26,27000,21000
2018-09-27,27000,21000
2018-09-28,27000,21000
2018-09-29,27000,21000
2018-10-01,27000,21000
2018-10-03,26800,21000
2018-10-04,26800,21000
2018-10-05,26800,21000
2018-10-06,26800,21000
2018-10-09,26700,21000
2018-10-10,26700,21000
2018-10-11,26700,21000
2018-10-12,26700,21000
2018-10-16,26700,21000
2018-10-17,26700,21000
2018-10-20,26800,21000
2018-10-22,27300,21000
2018-10-25,27500,21000
2018-10-26,26700,21000
2018-10-27,27800,21000
2018-10-29,27500,21000
2018-10-30,27500,22000
2018-10-31,27500,21000
2018-11-02,27500,21000
2018-11-03,27500,21000
2018-11-05,27500,21000
2018-11-07,27500,21000
2018-11-09,27500,21000
2018-11-13,27500,21000
2018-11-14,27500,21000
2018-11-15,27500,21000
2018-11-16,27500,21000
2018-11-17,27500,21000
2018-11-19,27500,21000
2018-11-21,27200,21000
2018-11-22,27200,21000
2018-11-23,27200,21000
2018-11-24,27200,21000
2018-11-27,27000,21000
2018-11-28,27000,20000
2018-11-30,27000,20000
2018-12-01,27000,20000
2018-12-03,26700,20000
2018-12-04,26700,20000
2018-12-05,26700,20000
2018-12-06,26700,20000
2018-12-07,26700,20000
2018-12-10,26500,20000
2018-12-11,26500,20000
2018-12-12,26500,21000
2018-12-14,26500,20000
2018-12-15,26500,20000
2018-12-17,26500,20000
2018-12-18,26500,20000
2018-12-19,26500,20000
2018-12-21,26500,20000
2018-12-24,26500,20000
2018-12-27,26500,20000
2018-12-28,26800,20000
2018-12-29,26800,20000
2019-01-01,26800,20000
2019-01-02,26800,21000
2019-01-04,26800,21000
2019-01-05,26800,21000
2019-01-07,27300,22000
2019-01-08,27300,22000
2019-01-10,27300,21000
2019-01-11,27300,22000
2019-01-14,27300,22000
2019-01-16,27300,22000
2019-01-17,27300,22000
2019-01-18,27300,22000
2019-01-21,27300,22000
2019-01-23,27300,22000
2019-01-24,27300,22000
2019-01-25,27300,22000
2019-01-28,27200,23000
2019-01-29,27200,23000
2019-01-30,27100,22500
2019-01-31,27100,22500
2019-02-01,27000,23000
2019-02-02,27000,22500
2019-02-04,27000,22500
2019-02-05,27000,22500
2019-02-06,27000,22500
2019-02-07,27000,22500
2019-02-08,26800,22500
2019-02-11,26800,22000
2019-02-12,26800,22500
2019-02-13,26800,22500
2019-02-14,26800,22500
2019-02-15,26800,22500
2019-02-16,26700,22000
2019-02-18,26600,22000
2019-02-19,26500,22000
2019-02-20,26500,22000
2019-02-21,26400,22000
2019-02-22,26400,22000
2019-02-23,26400,22000
2019-02-25,26400,22000
2019-02-26,26400,21000
2019-02-27,26400,21500
2019-02-28,26400,21500
2019-03-01,26400,21000
2019-03-02,26400,22000
2019-03-05,26400,22000
2019-03-06,26400,22000
2019-03-07,26400,22000
2019-03-08,26400,22000
2019-03-12,26300,22000
2019-03-13,26300,22000
2019-03-14,26300,22000
2019-03-15,26300,22000
2019-03-16,26500,22000
2019-03-18,26500,22000
2019-03-19,26500,22000
2019-03-20,26500,22000
2019-03-21,26500,22000
2019-03-22,26500,22000
2019-03-23,26500,22000
2019-03-25,26500,22000
2019-03-26,26500,22000
2019-03-27,26500,22000
2019-03-28,26500,22000
2019-04-01,26500,22000
2019-04-02,26500,22000
2019-04-03,26500,22000
2019-04-04,26500,22000
2019-04-05,26500,22000
2019-04-08,26500,22000
2019-04-09,26500,22000
2019-04-10,26500,22000
2019-04-11,26600,22000
2019-04-12,26600,22000
2019-04-15,26600,22000
2019-04-16,26600,22000
2019-04-20,26600,22000
2019-04-22,26600,22000
2019-04-23,26800,22000
2019-04-24,26800,22000
2019-04-25,26800,22000
2019-04-26,26800,22000
2019-04-27,26800,22000
2019-04-29,26800,22000
2019-04-30,26800,22000
2019-05-02,26800,22000
2019-05-03,26800,22000
2019-05-04,27000,22000
2019-05-06,27000,22000
2019-05-08,27000,22500
2019-05-09,27000,22500
2019-05-10,27000,22500
2019-05-13,27200,22500
2019-05-14,27200,22500
2019-05-15,27200,22500
2019-05-16,27200,22500
2019-05-17,27200,22500
2019-05-18,27200,22500
2019-05-20,27200,22500
2019-05-21,27200,22500
2019-05-23,23300,23200
2019-05-24,23300,23200
2019-05-25,23300,23200
2019-05-27,23300,23200
2019-05-28,23300,23200
2019-05-29,23300,23200
2019-05-30,23300,23200
2019-05-31,23300,23200
2019-06-01,23300,23200
2019-06-03,23300,23200
2019-06-04,23400,23300
2019-06-06,23400,23300
2019-06-07,23400,23300
2019-06-10,23400,23300
2019-06-11,23400,23300
2019-06-12,23400,23300
2019-06-13,23400,23300
2019-06-14,23400,23300
2019-06-15,23400,23300
2019-06-17,23400,23300
2019-06-18,23400,23300
2019-06-19,23400,23300
2019-06-20,23400,23300
2019-06-21,23400,23300
2019-06-24,23400,23300
2019-07-12,23500,23400
2019-07-16,23800,23400
2019-07-17,23800,23700
2019-07-18,23800,23700
2019-07-19,23800,23700
2019-07-22,23800,23700
2019-07-23,23800,23700
2019-07-24,23800,23700
2019-07-25,23800,23700
2019-07-26,24000,23700
2019-07-29,24000,23700
2019-07-30,24100,24000
2019-07-31,24100,24000
2019-08-01,24100,24000
2019-08-02,24100,24000
2019-08-03,24100,24000
2019-08-06,24100,24000
2019-08-07,24100,24000
2019-08-08,24200,24000
2019-08-09,24200,24000
2019-08-13,24600,24000
2019-08-14,24600,24000
2019-08-16,24600,24000
2019-08-17,24800,24000
2019-08-19,25500,24000
2019-08-21,25500,24500
2019-08-22,25500,24500
2019-08-23,25500,24500
2019-08-26,25600,24500
2019-08-30,25800,25500
2019-08-31,25900,25800
2019-09-04,25900,25800
2019-09-05,26100,26000
2019-09-06,26100,25800
2019-09-07,26200,26000
2019-09-09,26300,26000
2019-09-11,26300,25800
2019-09-12,26300,26000
2019-09-13,26300,26000
2019-09-16,26600,25800
2019-09-17,26800,26000
2019-09-19,26800,26000
2019-09-20,26800,26000
2019-09-21,26800,26500
2019-09-23,27000,26500
2019-09-24,27200,26500
2019-09-25,27200,27000
2019-09-26,27200,27000
2019-09-27,27400,27000
2019-09-30,27400,27000
2019-10-01,27400,27000
2019-10-03,27400,27000
2019-10-04,27600,27000
2019-10-05,27600,27000
2019-10-09,27600,27000
2019-10-10,27600,27000
2019-10-11,27600,27000
2019-10-14,27600,27000
2019-10-15,27600,27000
2019-10-16,27600,27000
2019-10-17,27500,27000
2019-10-24,27400,27000
2019-10-25,27400,27000
2019-10-30,27500,27000
2019-10-31,27500,27000
2019-11-02,27500,27000
2019-11-05,27700,27000
2019-11-06,27900,27000
2019-11-07,27900,27000
2019-11-08,21500,20500
2019-11-09,27900,27000
2019-11-11,27900,27000
2019-11-13,28000,27500
2019-11-14,28100,28000
2019-11-16,28100,28000
2019-11-18,28100,28000
2019-11-19,22500,22000
2019-11-25,23000,22500
2019-11-27,24000,23000
2019-12-03,24000,23500
2019-12-10,25500,25000
2019-12-11,26000,20000
2019-12-12,26000,20000
2019-12-13,25500,23500
2019-12-16,25000,23500
2019-12-17,25000,23500
2019-12-18,24500,24000
2019-12-19,24200,24000
2019-12-21,24200,24000
2019-12-23,24200,24000
2019-12-24,24200,24000
2019-12-27,24200,23500
2019-12-30,24500,24000
2020-01-02,24500,24000
2020-01-03,24000,23500
2020-01-04,24500,24000
2020-01-06,24800,24500
2020-01-07,24800,24000
2020-01-08,24800,24000
2020-01-09,24800,24000
2020-01-10,24800,24000
2020-01-13,24800,24000
2020-01-14,24800,24000
2020-01-16,24800,24000
2020-01-17,24800,24000
2020-01-18,24800,24000
2020-01-20,24800,24000
2020-01-21,24800,24000
2020-01-22,24800,24000
2020-01-24,24800,24000
2020-01-27,24800,24000
2020-01-28,24800,24000
2020-01-29,24800,24000
2020-01-30,24800,24000
2020-01-31,24800,24000
2020-02-01,24800,24000
2020-02-03,24800,24000
2020-02-04,24800,24000
2020-02-05,24800,24000
2020-02-06,24800,24000
2020-02-07,24800,24000
2020-02-10,24800,24000
2020-02-11,24800,24000
2020-02-12,24800,24000
2020-02-13,25000,24000
2020-02-18,25200,25000
2020-02-19,25500,25000
2020-02-20,25700,25000
2020-02-24,25800,25000
2020-02-25,26300,26000
2020-02-26,26500,26000
2020-02-27,26500,25000
2020-02-28,26500,25500
2020-02-29,26500,26000
2020-03-02,26500,26000
2020-03-03,26500,26000
2020-03-04,26400,26000
2020-03-05,26400,26000
2020-03-06,26400,26000
2020-03-07,26400,26000
2020-03-09,26400,26000
2020-03-10,26400,26000
2020-03-11,26400,26000
2020-03-12,26500,26000
2020-03-13,26500,26000
2020-03-16,26500,26000
2020-03-17,26500,26000
2020-03-18,26500,26000
2020-03-19,26500,26000
2020-03-20,26500,26000
2020-03-21,26400,26000
2020-04-20,25000,23500
2020-04-22,25000,23500
2020-04-24,25000,23500
2020-04-27,25500,25000
2020-04-29,25500,25000
2020-04-30,25500,25000
2020-05-04,27000,25000
2020-05-05,27000,23000
2020-05-06,27500,23000
2020-05-07,27500,18000
2020-05-08,27500,14276
2020-05-11,27000,16500
2020-05-12,27000,24934
2020-05-13,27000,16310
2020-05-14,27000,26500
2020-05-15,27000,16500
2020-05-16,27500,27000
2020-05-18,28000,18925
2020-05-19,28000,18000
2020-05-20,28000,18000
2020-05-21,28000,16000
2020-05-22,28000,18000
2020-05-26,28000,18500
2020-05-27,28000,20000
2020-05-28,28300,17849
2020-05-29,28800,17000
2020-05-30,18000,17500
2020-06-01,29300,21573
2020-06-02,29800,21564
2020-06-03,29800,20000
2020-06-04,29800,29000
2020-06-05,29800,17591
2020-06-06,29700,21500
2020-06-08,29600,20329
2020-06-09,29600,18332
2020-06-10,29700,28500
2020-06-11,29600,18758
2020-06-12,29700,18000
2020-06-15,30300,18600
2020-06-16,30300,22542
2020-06-17,30300,19500
2020-06-18,30800,29500
2020-06-19,31300,19500
2020-06-20,31300,19500
2020-06-22,31800,19598
2020-06-23,32300,30000
2020-06-24,32300,19239
2020-06-25,32300,22499
2020-06-26,32300,30000
2020-06-29,32200,20000
2020-06-30,32300,19500
2020-07-01,32300,18000
2020-07-02,32300,20821
2020-07-03,32300,18000
2020-07-04,32300,21480
2020-07-06,32500,20000
2020-07-07,32500,18800
2020-07-08,32500,21480
2020-07-09,33000,32000
2020-07-10,33500,19355
2020-07-13,34000,17894
2020-07-14,34000,21515
2020-07-15,34000,20000
2020-07-16,34000,32000
2020-07-17,34000,17000
2020-07-18,33800,18700
2020-07-20,34500,19233
2020-07-21,35000,32000
2020-07-22,35000,20000
2020-07-23,35000,32500
2020-07-24,35500,35000
2020-07-27,35800,35000
2020-07-28,35800,19548
2020-07-29,35800,19212
2020-07-30,35800,18500
2020-07-31,35800,19208
2020-08-03,35800,35600
2020-08-04,35800,35500
2020-08-05,35800,21502
2020-08-06,35800,19158
2020-08-07,35800,35600
2020-08-10,35800,19500
2020-08-11,35800,18400
2020-08-12,35800,19290
2020-08-13,35800,19256
2020-08-14,35800,35600
2020-08-17,35800,35600
2020-08-18,35800,35600
2020-08-19,35800,35600
2020-08-20,35800,35600
2020-08-21,35800,35500
2020-08-24,35800,35600
2020-08-25,35800,35600
2020-08-26,35800,35600
2020-08-27,35800,35600
2020-08-28,35800,35600
2020-08-29,35800,35600
2020-08-31,35800,35600
2020-09-01,35800,35600
2020-09-02,35800,35600
2020-09-03,35800,35600
2020-09-04,35800,35600
2020-09-05,35800,35600
2020-09-07,36000,35500
2020-09-08,36000,35550
2020-09-09,36000,35500
2020-09-10,36000,35500
2020-09-11,36000,35500
2020-09-14,35500,35000
2020-09-15,35500,35000
2020-09-18,35500,35000
2020-09-19,35500,35000
2020-09-21,35500,35000
2020-09-22,35500,35000
2020-09-23,35500,35000
2020-09-24,35500,35000
2020-09-25,35500,35000
2020-10-01,35500,35000
2020-10-03,35300,35000
2020-10-05,35600,35500
2020-10-16,39500,37500
2020-10-20,22152,22152
2020-10-27,32500,27500
2020-10-28,32500,27500
2020-11-02,32500,27500
2020-11-06,32500,27500
2020-11-07,32500,27500
2020-11-10,33000,27500
2020-11-11,33000,27500
2020-11-12,30000,27500
2020-11-13,30000,27500
2020-11-17,33000,30000
2020-11-18,33000,30000
2020-11-21,33000,30000
2020-11-23,33000,30000
2020-11-25,33000,26000
2020-11-26,33000,26000
2020-11-27,33000,26000
2020-11-30,33000,26000
2020-12-01,33000,26000
2020-12-02,33000,26000
2020-12-04,33000,26000
2020-12-05,32500,31000
2020-12-09,32000,30000
2020-12-10,32000,30000
2020-12-11,32000,30000
2020-12-14,31500,30500
2020-12-15,31500,30500
2020-12-16,31500,30000
2020-12-17,32500,30000
2020-12-21,33500,30000
2020-12-22,33500,30000
2020-12-24,33500,30000
2020-12-28,33500,30000
2020-12-30,33500,30000
2020-12-31,33500,30000
2021-01-01,33500,32000
2021-01-02,33500,32000
2021-01-04,34000,32000
2021-01-05,34500,32000
2021-01-06,35000,32500
2021-01-07,35000,32500
2021-01-08,35500,32500
2021-01-11,35500,30000
2021-01-12,35500,33000
2021-01-13,35500,33000
2021-01-15,35500,33000
2021-01-16,35500,33000
2021-01-18,35500,33000
2021-01-19,35500,33000
2021-01-21,36000,35000
2021-01-25,36500,36000
2021-01-27,36500,34500
2021-01-28,37500,36000
2021-01-29,37500,36000
2021-01-30,37500,36000
2021-02-01,37500,36000
2021-02-03,38000,36000
2021-02-05,39000,36000
2021-02-06,39500,36000
2021-02-08,47000,40000
2021-02-09,41000,40000
2021-02-11,42500,40000
2021-02-12,42500,40000
2021-02-15,42500,40000
2021-02-16,42500,40000
2021-02-17,42500,40000
2021-02-18,42500,40000
2021-02-19,42500,40000
2021-02-20,42500,40000
2021-02-22,42500,40000
2021-02-23,40500,39000
2021-02-24,41500,39000
2021-02-25,40000,39000
2021-02-26,40500,39000
2021-03-01,40500,39000
2021-03-02,40000,39000
2021-03-03,40000,39000
2021-03-04,40000,39000
2021-03-05,40000,39000
2021-03-06,40100,39000
2021-03-07,40500,39000
2021-03-08,40500,39000
2021-03-09,40500,40000
2021-03-10,40000,39000
2021-03-12,40000,39000
2021-03-15,40000,39000
2021-03-16,40000,39000
2021-03-17,40000,39000
2021-03-18,40000,39000
2021-03-19,40000,39000
2021-03-20,40000,39000
2021-03-22,40000,39000
2021-03-23,40000,39000
2021-03-24,40500,39000
2021-03-25,41000,39000
2021-03-26,41000,39000
2021-03-29,41000,39000
2021-03-31,45000,43000
2021-04-01,40000,39000
2021-04-03,40000,39000
2021-04-05,41000,39000
2021-04-06,41000,39000
2021-04-07,41000,39000
2021-04-08,41000,39000
2021-04-09,41000,39000
2021-04-12,41000,38000
2021-04-16,41000,38000
2021-04-17,41000,39000
2021-04-19,41000,38000
2021-04-20,41000,38000
2021-04-21,41000,38000
2021-04-22,41000,38000
2021-04-23,41000,38000
2021-04-26,41000,38000
2021-04-27,41000,38000
2021-04-28,40000,38000
2021-04-29,40000,38000
2021-04-30,40000,38000
2021-05-03,40000,38000
2021-05-04,40000,38000
2021-05-05,40000,38000
2021-05-06,40000,38000
2021-05-07,40000,38000
2021-05-10,40000,38000
2021-05-17,40000,38000
2021-05-18,40000,38000
2021-05-19,40000,38000
2021-05-20,40000,38000
2021-05-24,40000,38000
2021-05-25,40000,38000
2021-05-26,40000,38000
2021-05-27,40000,38000
2021-05-31,40000,38000
2021-06-01,40000,38000
2021-06-02,40000,38000
2021-06-03,40000,38000
2021-06-07,40000,38000
2021-06-08,40000,38000
2021-06-09,40000,38000
2021-06-10,40000,38000
2021-06-14,40000,38000
2021-06-15,42000,38000
2021-06-16,42100,38000
2021-06-17,42100,38000
2021-06-18,42100,38000
2021-06-21,42100,38000
2021-06-22,42100,38000
2021-06-23,42100,38000
2021-06-24,42100,38000
2021-06-25,42100,38000
2021-06-28,42100,38000
2021-06-29,42100,38000
2021-06-30,42100,38000
2021-07-01,42100,40000
2021-07-02,43000,40000
2021-07-05,43000,40000
2021-07-06,43000,40000
2021-07-07,43000,40000
2021-07-09,43000,40000
2021-07-12,43000,40000
2021-07-13,43000,40000
2021-07-14,43000,40000
2021-07-15,43000,40000
2021-07-17,43000,40000
2021-07-19,43000,40000
2021-07-20,43000,40000
2021-07-22,43000,40000
2021-07-23,43000,40000
2021-07-26,45000,42000
2021-07-27,45000,42000
2021-07-28,45000,42000
2021-07-29,45000,42000
2021-07-30,45000,40000
2021-07-31,45000,40000
2021-08-02,45000,40000
2021-08-03,45000,40000
2021-08-04,45000,43000
2021-08-06,45000,43000
2021-08-07,45000,43000
2021-08-09,45000,43000
2021-08-10,45000,43000
2021-08-11,45000,43000
2021-08-12,45000,43000
2021-08-16,46000,43000
2021-08-19,46000,43000
2021-08-21,46000,43000
2021-08-23,46000,43000
2021-08-24,46000,43000
2021-08-25,46000,43000
2021-08-26,46000,43000
2021-08-27,46000,43000
2021-08-31,46000,43000
2021-09-01,46500,43000
2021-09-02,46500,43000
2021-09-03,46500,43000
2021-09-06,46500,43000
2021-09-07,47000,43000
2021-09-08,47000,43000
2021-09-09,47000,43000
2021-09-13,48000,43000
2021-09-14,48000,43000
2021-09-15,47000,43000
2021-09-16,48000,43000
2021-09-17,49000,44000
2021-09-20,50000,44400
2021-09-21,50000,47000
2021-09-22,50000,47000
2021-09-23,50000,47000
2021-09-24,50000,47000
2021-09-27,50000,48000
2021-09-28,50000,48000
2021-09-29,50000,48000
2021-09-30,50000,48000
2021-10-05,42500,38000
2021-10-18,42500,38000
2021-10-21,42500,38000
2021-10-25,42500,38000
2021-10-26,42500,38000
2021-10-27,42500,38000
2021-10-28,42500,38000
2021-10-29,42500,38000
2021-10-30,42500,38000
2021-11-02,42500,38000
2021-11-06,42500,38000
2021-11-10,42500,38000
2021-11-11,42500,38000
2021-11-12,42500,38000
2021-11-15,42500,38000
2021-11-16,42500,38000
2021-11-17,42500,38000
2021-11-18,42500,38000
2021-11-19,42500,38000
2021-11-25,42500,38000
2021-11-26,42500,38000
2021-11-29,42500,38000
2021-11-30,42500,38000
2021-12-01,43500,41000
2021-12-02,43500,41000
2021-12-03,43500,41000
2021-12-04,43500,41000
2021-12-06,43500,41000
2021-12-07,43500,42000
2021-12-08,43500,42000
2021-12-09,43500,41000
2021-12-10,43500,41000
2021-12-13,43500,41000
2021-12-14,45000,41000
2021-12-15,45000,43000
2021-12-16,45000,43000
2021-12-17,45000,43000
2021-12-18,48000,43000
2021-12-20,45000,43000
2021-12-21,45000,43000
2021-12-22,45000,43000
2021-12-23,45000,43000
2021-12-24,46000,45000
2021-12-27,45000,43000
2021-12-28,45000,43000
2021-12-29,45000,43000
2021-12-30,45000,43500
2021-12-31,45000,43000
2022-01-01,45000,43000
2022-01-03,45000,43000
2022-01-04,45000,43000
2022-01-05,45000,43000
2022-01-06,45000,43000
2022-01-07,45000,43000
2022-01-10,46000,43000
2022-01-11,45000,43000
2022-01-12,45000,43000
2022-01-13,45000,43000
2022-01-14,45000,43000
2022-01-17,45000,43000
2022-01-18,45000,43000
2022-01-19,45000,42000
2022-01-20,45000,43000
2022-01-21,45000,43000
2022-01-24,45000,43000
2022-01-25,45000,43000
2022-01-27,45000,43000
2022-01-28,45000,43000
2022-01-29,45000,43000
2022-01-31,45000,43000
2022-02-01,45000,43000
2022-02-02,45000,43000
2022-02-03,45100,45000
2022-02-04,45000,43000
2022-02-05,45000,43000
2022-02-07,45000,43000
2022-02-08,45000,43000
2022-02-09,45000,43000
2022-02-10,45000,43000
2022-02-11,45000,43000
2022-02-14,45000,43000
2022-02-15,45000,43000
2022-02-16,44500,43000
2022-02-17,45000,43000
2022-02-18,45000,43000
2022-02-19,45000,43000
2022-02-21,45000,43000
2022-02-22,45000,43000
2022-02-23,45000,43000
2022-02-24,45000,43000
2022-02-25,45000,43000
2022-02-28,45000,43000
2022-03-02,45000,43000
2022-03-03,45000,43000
2022-03-04,45000,43000
2022-03-05,45000,43000
2022-03-07,45000,43000
2022-03-08,45000,43000
2022-03-09,45000,43000
2022-03-10,45000,43000
2022-03-11,45000,43000
2022-03-14,45000,43000
2022-03-15,45000,43000
2022-03-16,45000,40000
2022-03-17,45000,43000
2022-03-18,45000,43000
2022-03-19,45000,43000
2022-03-21,45000,43000
2022-03-22,45000,43000
2022-03-23,45000,43000
2022-03-24,45000,43000
2022-03-25,45000,43000
2022-03-28,45000,43000
2022-04-01,45000,42500
2022-04-04,45000,42500
2022-04-05,45000,42500
2022-04-06,45000,43500
2022-04-07,45000,42500
2022-04-08,45000,42500
2022-04-11,45000,42500
2022-04-12,45000,42500
2022-04-13,45000,42500
2022-04-16,45000,42500
2022-04-18,45000,42500
2022-04-19,53000,42500
2022-04-20,45000,43000
2022-04-21,45000,43000
2022-04-22,45000,43000
2022-04-25,45000,43000
2022-04-26,45000,43000
2022-04-27,45000,43000
2022-04-28,45000,43000
2022-04-29,45000,43000
2022-04-30,45000,43000
2022-05-04,45000,43000
2022-05-05,45000,43000
2022-05-06,45000,43000
2022-05-07,45000,43000
2022-05-09,45000,43000
2022-05-10,45000,43000
2022-05-11,45000,43000
2022-05-12,45000,43000
2022-05-13,45000,43000
2022-05-16,45000,43000
2022-05-17,45000,43000
2022-05-18,45000,43000
2022-05-19,45000,43000
2022-05-20,45000,43000
2022-05-21,45000,43000
2022-05-23,45000,43000
2022-05-24,45000,43000
2022-05-25,45000,43000
2022-05-26,45000,43000
2022-05-27,45000,43000
2022-05-30,45000,43000
2022-05-31,45000,43000
2022-06-02,45000,43000
2022-06-03,45000,43000
2022-06-04,45000,43000
2022-06-06,45000,43000
2022-06-07,45000,43000
2022-06-08,45000,43000
2022-06-09,45000,43000
2022-06-10,45000,42000
2022-06-13,45000,43000
2022-06-14,45000,43000
2022-06-15,45000,43000
2022-06-16,45000,43000
2022-06-18,45000,43000
2022-06-20,45000,43000
2022-06-21,45000,43000
2022-06-22,45000,43000
2022-06-23,45000,43000
2022-06-24,45000,43000
2022-06-27,45000,43000
2022-06-28,45000,43000
2022-06-29,45000,43000
2022-06-30,45000,43000
2022-07-04,45000,43000
2022-07-05,45000,43000
2022-07-06,45000,43000
2022-07-07,45000,43000
2022-07-08,45000,43000
2022-07-11,45000,43000
2022-07-12,45000,43000
2022-07-13,45000,43000
2022-07-14,45000,43000
2022-07-15,45000,43000
2022-07-16,45000,43000
2022-07-18,45000,43000
2022-07-19,45000,43000
2022-07-20,45000,43000
2022-07-21,45000,43000
2022-07-22,45000,43000
2022-07-25,45000,43000
2022-07-26,45000,43000
2022-07-27,45000,43000
2022-07-28,45000,43000
2022-07-29,45000,43000
2022-07-30,45000,43000
2022-08-01,45000,43000
2022-08-03,45000,43000
2022-08-04,45000,43000
2022-08-05,45000,43000
2022-08-06,45000,43000
2022-08-08,45000,43000
2022-08-10,46000,43000
2022-08-11,46000,43000
2022-08-12,46000,43000
2022-08-16,46000,43000
2022-08-17,46500,43000
2022-08-18,46500,43000
2022-08-19,46500,43000
2022-08-20,46500,43000
2022-08-22,47500,43000
2022-08-23,47500,43000
2022-08-24,47500,43000
2022-08-25,47500,43000
2022-08-26,47500,43000
2022-08-29,47500,43000
2022-08-30,47500,43000
2022-09-01,47500,43000
2022-09-02,47500,43000
2022-09-03,47500,43000
2022-09-05,47500,43000
2022-09-06,47500,43000
2022-09-07,47500,43000
2022-09-12,47500,43000
2022-09-13,47500,43000
2022-09-14,47500,43000
2022-09-15,47500,43000
2022-09-16,47500,43000
2022-09-17,47500,43000
2022-09-19,47500,43000
2022-09-21,47500,43000
2022-09-23,47500,43000
2022-09-27,47500,43000
2022-09-28,47500,43000
2022-09-29,47500,43000
2022-09-30,47500,43000
2022-10-07,35000,25000
2022-10-10,35000,25000
2022-10-11,35000,25000
2022-10-13,35000,25000
2022-10-15,35000,25000
2022-10-18,38000,25000
2022-10-21,38000,30000
2022-10-28,38000,30000
2022-11-03,38000,30000
2022-11-04,38000,30000
2022-11-05,38000,30000
2022-11-07,38000,30000
2022-11-10,38000,30000
2022-11-14,37500,30000
2022-11-15,37500,30000
2022-11-17,37500,30000
2022-11-21,37500,30000
2022-11-22,37500,30000
2022-11-23,37500,30000
2022-11-24,37500,30000
2022-11-25,37500,30000
2022-11-28,37500,35000
2022-11-29,37500,35000
2022-12-01,37500,35000
2022-12-03,37500,35000
2022-12-05,37500,35000
2022-12-06,37500,35000
2022-12-07,37500,35000
2022-12-08,37500,35000
2022-12-09,37500,35000
2022-12-12,37500,35000
2022-12-13,37500,35000
2022-12-14,37500,35000
2022-12-16,37500,35000
2022-12-17,37500,35000
2022-12-19,37500,35000
2022-12-20,37500,35000
2022-12-21,37500,35000
2022-12-22,37500,35000
2022-12-23,37500,35000
2022-12-26,37500,35000
2022-12-28,37500,35000
2022-12-29,37500,35000
2022-12-30,37500,35000
2022-12-31,37500,35000
2023-01-02,37500,35000
2023-01-03,37500,35000
2023-01-04,37500,35000
2023-01-05,39000,35000
2023-01-06,39000,35000
2023-01-07,39000,35000
2023-01-09,39000,35000
2023-01-10,39000,35000
2023-01-11,39000,35000
2023-01-12,40000,35000
2023-01-13,40000,35000
2023-01-16,40000,35000
2023-01-17,40000,35000
2023-01-18,40000,35000
2023-01-19,40000,35000
2023-01-20,40000,35000
2023-01-21,40000,35000
2023-01-23,40000,35000
2023-01-24,40000,35000
2023-01-25,40000,35000
2023-01-27,40000,35000
2023-01-30,40000,35000
2023-01-31,40000,35000
2023-02-01,40000,35000
2023-02-02,40000,35000
2023-02-03,40000,35000
2023-02-04,40000,35000
2023-02-06,40000,35000
2023-02-07,40000,35000
2023-02-08,40000,35000
2023-02-09,40000,35000
2023-02-10,40000,35000
2023-02-13,40000,35000
2023-02-14,40000,35000
2023-02-15,40000,35000
2023-02-17,40000,35000
2023-02-20,40000,35000
2023-02-21,40000,35000
2023-02-22,40000,35000
2023-02-23,40000,35000
2023-02-24,40000,35000
2023-02-27,40000,35000
2023-02-28,40000,35000
2023-03-02,40000,35000
2023-03-03,40000,35000
2023-03-04,40000,35000
2023-03-06,40000,35000
2023-03-07,40000,35000
2023-03-08,40000,35000
2023-03-09,50000,48500
2023-03-10,40000,35000
2023-03-13,40000,35000
2023-03-14,40000,35000
2023-03-15,40000,35000
2023-03-16,40000,35000
2023-03-17,40000,35000
2023-03-18,40000,35000
2023-03-20,40000,35000
2023-03-21,40000,35000
2023-03-23,40000,35000
2023-03-24,40000,35000
2023-03-27,40000,35000
2023-03-28,40000,35000
2023-04-03,38000,35000
2023-04-05,38000,35000
2023-04-06,38000,35000
2023-04-10,38000,35000
2023-04-11,38000,35000
2023-04-12,38000,35000
2023-04-13,38500,35000
2023-04-15,38500,35000
2023-04-17,38500,35000
2023-04-18,39000,35000
2023-04-19,39000,35000
2023-04-20,39500,35000
2023-04-21,39500,35000
2023-04-24,40000,35000
2023-04-25,40000,35000
2023-04-26,40000,35000
2023-04-27,40000,35000
2023-04-28,40000,35000
2023-04-29,40000,35000
2023-05-02,40000,35000
2023-05-03,39500,35000
2023-05-04,39500,35000
2023-05-05,39500,35000
2023-05-06,39500,35000
2023-05-08,39500,35000
2023-05-09,39500,35000
2023-05-11,40000,35000
2023-05-12,40000,35000
2023-05-15,40500,30500
2023-05-16,40500,35000
2023-05-17,40500,35000
2023-05-18,40500,35000
2023-05-19,40500,35000
2023-05-20,40500,35000
2023-05-22,40500,35000
2023-05-23,40500,35000
2023-05-24,40500,35000
2023-05-25,40500,35000
2023-05-26,40500,35000
2023-05-29,40500,35000
2023-05-30,40500,35000
2023-05-31,40500,35000
2023-06-01,40500,35000
2023-06-02,40500,35000
2023-06-03,40500,35000
2023-06-05,40500,35000
2023-06-06,40500,35000
2023-06-07,40500,35000
2023-06-08,40500,35000
2023-06-09,40500,35000
2023-06-12,40500,35000
2023-06-13,40500,35000
2023-06-14,40500,35000
2023-06-15,40500,35000
2023-06-16,40500,35000
2023-06-17,40500,35000
2023-06-19,41000,35000
2023-06-20,41000,35000
2023-06-21,41000,35000
2023-06-22,41500,35000
2023-06-23,41500,35000
2023-06-26,41500,35000
2023-06-27,41500,35000
2023-06-28,41500,35000
2023-06-30,41500,35000
2023-07-01,41500,35000
2023-07-03,41500,35000
2023-07-04,41500,35000
2023-07-05,41500,35000
2023-07-06,41500,35000
2023-07-07,41500,35000
2023-07-10,41500,35000
2023-07-11,42000,35000
2023-07-12,42500,35000
2023-07-13,42500,35000
2023-07-14,42500,35000
2023-07-15,42500,35000
2023-07-18,42500,35000
2023-07-19,42500,35000
2023-07-20,42500,35000
2023-07-21,42500,35000
2023-07-24,43200,35000
2023-07-25,43200,35000
2023-07-26,43200,35000
2023-07-27,43700,35000
2023-07-28,43700,35000
2023-07-31,44200,35000
2023-08-01,44200,35000
2023-08-02,45000,35000
2023-08-03,45000,35000
2023-08-04,45000,35000
2023-08-05,45000,35000
2023-08-07,45000,35000
2023-08-08,45000,35000
2023-08-09,45000,35000
2023-08-10,45000,35000
2023-08-11,45000,35000
2023-08-14,45000,35000
2023-08-17,44500,35000
2023-08-18,44500,35000
2023-08-19,44500,35000
2023-08-21,44500,35000
2023-08-24,45000,40000
2023-08-25,45000,40000
2023-08-28,45000,40000
2023-08-29,45000,40000
2023-08-30,45000,40000
2023-08-31,45000,40000
2023-09-01,45000,40000
2023-09-02,45000,40000
2023-09-05,45000,40000
2023-09-06,45000,35000
2023-09-08,45000,35000
2023-09-11,45000,35000
2023-09-12,45000,35000
2023-09-13,45000,40000
2023-09-14,45000,40000
2023-09-15,45000,40000
2023-09-16,45000,40000
2023-09-18,45000,40000
2023-09-20,45000,40000
2023-09-21,45000,40000
2023-09-22,45000,40000
2023-09-25,45000,40000
2023-09-26,45000,40000
2023-09-27,45000,40000
2023-09-29,45000,40000
2023-09-30,45000,40000
2023-10-03,36500,30000
2023-10-17,36500,30000
2023-10-20,36500,30000
2023-10-26,36500,30000
2023-11-02,36500,30000
2023-11-06,36500,30000
2023-11-07,36500,30000
2023-11-08,36500,30000
2023-11-09,36500,30000
2023-11-10,36500,30000
2023-11-18,36500,30000
2023-11-20,36500,30000
2023-11-21,36500,30000
2023-11-22,36500,30000
2023-11-23,36500,30000
2023-11-27,36500,30000
2023-12-01,36500,30000
2023-12-02,36500,30000
2023-12-04,36500,30000
2023-12-05,36500,30000
2023-12-06,36500,30000
2023-12-07,36500,30000
2023-12-08,36500,30000
2023-12-11,36500,30000
2023-12-12,36500,30000
2023-12-13,36500,30000
2023-12-14,36500,30000
2023-12-15,36500,30000
2023-12-16,36500,30000
2023-12-18,36500,30000
2023-12-19,36500,30000
2023-12-21,36500,30000
2023-12-22,36500,30000
2023-12-26,36500,30000
2023-12-27,36500,30000
2023-12-28,36500,30000
2023-12-29,36500,30000
2023-12-30,36500,30000
2024-01-01,36500,30000
2024-01-02,36500,30000
2024-01-03,36500,30000
2024-01-04,37000,30000
2024-01-05,37000,35000
2024-01-06,37000,35000
2024-01-08,37000,35000
2024-01-09,37000,35000
2024-01-10,37000,30000
2024-01-11,37000,30000
2024-01-12,37000,30000
2024-01-16,37000,30000
2024-01-17,37000,30000
2024-01-19,37000,30000
2024-01-23,36500,30000
2024-01-24,36000,30000
2024-01-25,36000,30000
2024-01-29,35000,30000
2024-01-30,35000,30000
2024-01-31,35000,30000
2024-02-01,35000,30000
2024-02-02,35000,30000
2024-02-03,35000,30000
2024-02-05,35000,30000
2024-02-06,35000,30000
2024-02-07,35000,30000
2024-02-08,35000,30000
2024-02-09,35000,30000
2024-02-12,35000,30000
2024-02-13,34500,30000
2024-02-14,34500,30000
2024-02-15,34500,30000
2024-02-16,34000,30000
2024-02-17,34000,30000
2024-02-19,34000,30000
2024-02-20,34000,30000
2024-02-21,34000,30000
2024-02-22,34000,30000
2024-02-26,34500,30000
2024-02-27,34500,30000
2024-02-28,34500,30000
2024-02-29,34500,30000
2024-03-01,34500,30000
2024-03-02,34500,30000
2024-03-04,34500,30000
2024-03-05,34500,30000
2024-03-06,34500,30000
2024-03-07,34500,30000
2024-03-11,35000,30000
2024-03-12,35000,30000
2024-03-13,35000,30000
2024-03-14,35000,30000
2024-03-15,35000,30000
2024-03-16,35000,30000
2024-03-18,35000,30000
2024-03-19,35000,30000
2024-03-20,35500,30000
2024-03-21,35500,30000
2024-03-22,35500,30000
2024-03-25,36500,30000
2024-04-15,36500,30000
2024-04-16,36500,30000
2024-04-17,36500,30000
2024-04-18,36500,30000
2024-04-19,36500,30000
2024-04-20,36500,30000
2024-04-22,36500,30000
2024-04-23,36500,30000
2024-04-24,36500,30000
2024-04-25,36500,30000
2024-04-29,36500,30000
2024-04-30,36500,30000
2024-05-02,37000,30000
2024-05-03,37000,30000
2024-05-04,37000,30000
2024-05-06,37000,30000
2024-05-07,37500,30000
2024-05-08,37500,30000
2024-05-09,38000,30000
2024-05-13,38000,30000
2024-05-14,38000,30000
2024-05-15,38000,30000
2024-05-16,38000,30000
2024-05-17,38000,30000
2024-05-18,38000,30000
2024-05-20,38000,30000
2024-05-21,38000,30000
2024-05-22,38000,30000
2024-05-23,38000,30000
2024-05-24,38000,30000
2024-05-27,38000,30000
2024-05-28,38000,30000
2024-05-29,38000,30000
2024-05-30,38000,30000
2024-05-31,38000,30000
2024-06-01,38000,30000
2024-06-03,38000,30000
2024-06-05,38000,30000
2024-06-06,38000,30000
2024-06-07,38000,30000
2024-06-10,38000,30000
2024-06-11,38000,30000
2024-06-12,38000,30000
2024-06-13,38000,30000
2024-06-14,38000,30000
2024-06-15,38000,30000
2024-06-18,38000,30000
2024-06-19,38000,30000
2024-06-20,38000,30000
2024-06-21,38000,30000
2024-06-24,38000,30000
2024-06-25,38000,30000
2024-06-26,38000,30000
2024-06-27,38000,30000
2024-06-28,38000,30000
2024-06-29,38000,30000
2024-07-01,38000,30000
2024-07-02,38000,30000
2024-07-03,38000,30000
2024-07-04,38000,30000
2024-07-05,38000,30000
2024-07-06,38000,30000
2024-07-08,38000,30000
2024-07-09,38500,30000
2024-07-10,38500,30000
2024-07-11,38500,30000
2024-07-12,38500,30000
2024-07-13,38500,30000
2024-07-15,38500,30000
2024-07-16,38500,30000
2024-07-18,38500,30000
2024-07-19,38500,30000
2024-07-20,38500,30000
2024-07-22,38500,30000
2024-07-23,38500,30000
2024-07-24,38500,30000
2024-07-25,38500,30000
2024-07-26,38500,30000
2024-07-29,38500,30000
2024-07-30,38500,30000
2024-07-31,38500,30000
2024-08-01,38500,30000
2024-08-02,38500,30000
2024-08-03,38500,30000
2024-08-05,38500,30000
2024-08-06,38500,30000
2024-08-07,38500,30000
2024-08-08,38500,30000
2024-08-09,38500,30000
2024-08-12,38500,30000
2024-08-13,39000,30000
2024-08-16,39000,30000
2024-08-17,39000,30000
2024-08-19,39500,30000
2024-08-20,39500,30000
2024-08-21,39500,30000
2024-08-22,39500,30000
2024-08-23,39500,30000
2024-08-26,39500,30000
2024-08-27,39500,30000
2024-08-28,40000,30000
2024-08-29,40000,30000
2024-08-30,40000,30000
2024-08-31,40000,30000
2024-09-02,40500,30000
2024-09-03,40500,30000
2024-09-04,40500,30000
2024-09-05,40500,30000
2024-09-06,40500,30000
2024-09-09,40500,30000
2024-09-10,40500,30000
2024-09-11,40500,30000
2024-09-12,40500,30000
2024-09-13,40500,30000
2024-09-17,40500,30000
2024-09-18,40500,30000
2024-09-19,40500,30000
2024-09-20,40500,30000
2024-09-21,40500,30000
2024-09-23,40500,30000
2024-09-24,40500,30000
2024-09-25,40500,30000
2024-09-26,40500,30000
2024-09-27,40500,30000
2024-09-30,40500,30000
2024-10-01,31000,27000
2024-10-03,31000,27000
2024-10-05,41000,35000
2024-10-07,31000,27000
2024-10-09,31000,27000
2024-10-18,32500,27000
2024-10-23,32500,27000
2024-10-28,32500,27000
2024-10-29,33000,27000
2024-11-04,33000,27000
2024-11-05,33000,27000
2024-11-14,33000,27000
2024-11-15,33000,27000
2024-11-19,33000,27000
2024-11-25,33500,27000
2024-11-27,33500,27000
2024-12-02,33500,27000
2024-12-04,33500,27000
2024-12-05,33500,27000
2024-12-09,33500,27000
2024-12-10,33500,27000
2024-12-13,33500,27000
2024-12-16,33500,27000
2024-12-17,33500,27000
2024-12-18,34500,27000
2024-12-19,34500,27000
2024-12-20,34500,27000
2024-12-21,34500,27000
2024-12-23,34500,27000
2024-12-30,35000,30000
2024-12-31,35000,30000
2025-01-01,35000,30000
2025-01-02,35000,30000
2025-01-03,35000,30000
2025-01-07,35000,30000
2025-01-09,35500,30000
2025-01-10,35500,30000
2025-01-13,35500,30000
2025-01-15,36000,30000
2025-01-16,36000,30000
2025-01-17,36000,30000
2025-01-18,36000,30000
2025-01-22,36000,30000
2025-01-23,36000,30000
2025-01-24,36000,30000
2025-01-27,36500,30000
2025-01-28,36500,30000
2025-01-29,36500,30000
2025-01-30,36500,30000
2025-01-31,36500,30000
2025-02-01,36500,30000
2025-02-03,36500,30000
2025-02-04,36500,30000
2025-02-06,36500,30000
2025-02-07,36500,30000
2025-02-10,36500,30000
2025-02-11,36500,30000
2025-02-13,36500,30000
2025-02-14,37000,30000
2025-02-15,37000,30000
2025-02-18,37000,30000
2025-02-19,37000,30000
2025-02-20,37000,30000
2025-02-21,37000,30000
2025-02-24,37000,30000
2025-02-25,37000,30000
2025-02-27,37000,30000
2025-02-28,37000,30000
2025-03-04,38000,30000
2025-03-12,40000,30000
2025-03-13,40000,30000
2025-03-14,40000,30000
2025-03-15,40000,30000
2025-03-17,40000,30000
2025-03-20,40000,30000
2025-03-21,40000,30000
2025-03-24,40000,30000
2025-03-25,41000,30000
2025-03-26,42000,30000
2025-03-27,42000,30000
2025-04-03,43000,30000
2025-04-04,43000,30000
2025-04-07,43000,30000
2025-04-08,44000,30000
2025-04-15,44000,30000
2025-04-21,44000,30000
2025-04-22,44000,30000
2025-04-23,44000,30000
2025-04-24,44000,30000
2025-05-02,47500,30000
2025-05-03,47500,30000
2025-05-05,47500,30000
2025-05-07,47000,30000
2025-05-08,46000,30000
2025-05-12,46000,30000
2025-05-13,46000,30000
2025-05-14,46000,30000
2025-05-15,46000,30000
2025-05-16,46000,30000
2025-05-17,46000,30000
2025-05-20,46000,30000
2025-05-21,46000,30000
2025-05-23,48000,30000
2025-05-26,49500,30000
2025-05-28,49500,30000
2025-05-30,49500,30000
2025-05-31,49500,30000
2025-06-04,49500,30000
2025-06-06,49500,30000
2025-06-11,47500,30000
2025-06-13,47500,30000
2025-06-16,47500,30000
2025-06-19,47500,30000
2025-06-20,47500,30000
2025-06-21,47500,30000
2025-06-23,47500,30000
2025-06-24,47500,30000
2025-06-25,48500,30000
2025-06-26,48500,30000
2025-06-30,48500,30000
2025-07-01,48500,30000
2025-07-03,47500,30000
2025-07-04,47500,30000
2025-07-07,47500,30000
2025-07-08,47500,30000
2025-07-09,47500,30000
2025-07-10,47500,30000
2025-07-14,47500,30000
2025-07-15,47500,30000
2025-07-18,47500,30000
2025-07-19,47500,30000
2025-07-21,48500,30000
2025-07-23,48500,30000
2025-08-01,48500,30000
2025-08-02,48500,30000
2025-08-04,48500,30000
2025-08-07,47500,30000
2025-08-12,48500,30000
2025-08-19,48500,30000
2025-08-28,48500,30000
2025-09-01,49000,35000
2025-09-02,49500,35000
2025-09-03,49000,35000
2025-09-06,49000,35000
2025-09-09,49000,35000
2025-09-10,49000,35000
2025-09-11,49000,35000
2025-09-12,49000,35000
2025-09-15,49000,35000
2025-09-16,49000,35000
2025-09-17,59656,56492
2025-09-18,59613,56460
2025-09-19,59570,56428
2025-09-20,59527,56396
2025-09-21,59484,56364
2025-09-22,59441,56332
2025-09-23,59398,56300
2025-09-24,59355,56268
2025-09-25,59312,56236
2025-09-26,59269,56204
2025-09-27,59226,56172
2025-09-28,59183,56140
2025-09-29,59140,56108
2025-09-30,59097,56076
2025-10-01,59011,56044
2025-10-02,59011,56012
2026-01-28,56599,50579
2026-01-29,56625,50620
2026-01-30,56701,50709
2026-01-31,56777,50798
2026-02-01,56853,50887
2026-02-02,56299,50512
2026-02-03,56404,50617
2026-02-04,56299,50012
2026-02-05,56349,50262
2026-02-06,56569,52012
2026-02-07,56658,52103
2026-02-08,56747,52194
2026-02-09,57599,48700
2026-02-10,57097,49209
2026-02-11,58019,56455
2026-02-12,58107,56632
2026-02-13,57629,51012
2026-02-14,57721,51104
2026-02-15,57850,51180
2026-02-16,57900,51200
2026-02-17,57200,50950
2026-02-18,56800,50500
2026-02-19,56300,50100
2026-02-20,55900,49600
2026-02-21,55200,49100
2026-02-22,54800,48500
2026-02-23,54100,47900
2026-02-24,53500,47200
2026-02-25,52900,46600
2026-02-26,52100,45900
2026-02-27,51500,45200
2026-02-28,50900,44400
2026-03-01,50100,43800
2026-03-02,49500,43100
2026-03-03,48900,42500
2026-03-04,48100,41900
2026-03-05,47500,41200
2026-03-06,46800,40600
2026-03-07,46000,39900
2026-03-08,45200,39200
2026-03-09,44500,38500
2026-03-10,43900,37900
2026-03-11,43100,37200
2026-03-12,42500,36600
2026-03-13,41800,36000
2026-03-14,41000,35400
2026-03-15,40200,34900
2026-03-16,39500,34400
2026-03-17,39800,34800
2026-03-18,40200,35200
2026-03-19,40900,35900
2026-03-20,41500,36500
2026-03-21,42100,37100
2026-03-22,42500,37600
2026-03-23,42900,38100
2026-03-24,43400,38500
2026-03-25,43800,38900
2026-03-26,44200,39200
2026-03-27,44500,39500
2026-03-28,44800,39800
2026-03-29,45100,40100
2026-03-30,45400,40400
2026-03-31,45600,40600
2026-04-01,45900,40900
2026-04-02,46100,41100
2026-04-03,46300,41300
2026-04-04,46500,41500
2026-04-05,46600,41600
2026-04-06,46800,41800
2026-04-07,46900,41900
2026-04-08,47100,42100
2026-04-09,47200,42200
2026-04-10,47300,42300
2026-04-11,47500,42400
2026-04-12,47600,42500
2026-04-13,47600,42500
2026-04-14,47700,42600
2026-04-15,47700,42600
2026-04-16,47800,42700
2026-04-17,47800,42700
2026-04-18,47900,42800
2026-04-19,47900,42800
2026-04-20,48000,42900
2026-04-21,47900,42800
2026-04-22,47800,42700
2026-04-23,47700,42600
2026-04-24,47600,42500
2026-04-25,47500,42400
2026-04-26,47400,42300
2026-04-27,47300,42200
2026-04-28,47200,42100
2026-04-29,47100,42000
2026-04-30,47000,41900
2026-05-01,46800,41700
2026-05-02,46600,41500
2026-05-03,46400,41300
2026-05-04,46200,41100
2026-05-05,46000,40900
2026-05-06,45800,40700
2026-05-07,45600,40500
2026-05-08,45400,40300
2026-05-09,45200,40100
2026-05-10,45000,39900
2026-05-11,44800,39700
2026-05-12,44600,39500
2026-05-13,44400,39300
2026-05-14,44200,39100
2026-05-15,44000,38900
2026-05-16,43800,38700
2026-05-17,43600,38500
2026-05-18,43400,38300
2026-05-19,43200,38100
2026-05-20,43000,37900
2026-05-21,42800,37700
2026-05-22,42600,37500
2026-05-23,42400,37300
2026-05-24,42200,37100
2026-05-25,42000,36900
2026-05-26,41800,36700
2026-05-27,41600,36500
2026-05-28,41400,36300
2026-05-29,41200,36100
2026-05-30,41000,35900
2026-05-31,40800,35700
2026-06-01,40500,35400
2026-06-02,40000,35000
2026-06-03,39500,34700
2026-06-04,39200,34300
2026-06-05,39000,34000
2026-06-06,39200,34200
2026-06-07,39800,34800
2026-06-08,40500,35500
2026-06-09,41200,36500
2026-06-10,42500,37800
2026-06-11,43200,39100
2026-06-12,44000,40200
2026-06-13,44800,41100
2026-06-14,45500,41800
2026-06-15,46200,42200
2026-06-16,46800,42400
2026-06-17,47000,42500
2026-06-18,47000,42500
2026-06-19,47000,42500
2026-06-20,47000,42500
2026-06-21,47000,42500
2026-06-22,47000,42500
2026-06-23,47000,42500
